-- Seller 1's Warehouses
INSERT INTO warehouse.warehouses (warehouse_id, seller_id, material_type)
VALUES
    (UUID_TO_BIN('9f57ed44-4dcf-4a5a-8c7d-1b1a142763a1'), UUID_TO_BIN('dd2e2b7d-4622-441f-9200-123f8bb3e29b'), 'GYPSUM'),
    (UUID_TO_BIN('8361182d-6ae4-42a6-9dff-9146b3ad4234'), UUID_TO_BIN('dd2e2b7d-4622-441f-9200-123f8bb3e29b'), 'IRON_ORE'),
    (UUID_TO_BIN('0dfc49c1-8f1e-4b9e-b760-0b5a4a4b4550'), UUID_TO_BIN('dd2e2b7d-4622-441f-9200-123f8bb3e29b'), 'CEMENT'),
    (UUID_TO_BIN('e2f7bcdc-69da-4b0e-b73f-6adf79e8d5f9'), UUID_TO_BIN('dd2e2b7d-4622-441f-9200-123f8bb3e29b'), 'PET_COKE'),
    (UUID_TO_BIN('b3f15798-6c28-4a33-a8f5-507db494204b'), UUID_TO_BIN('dd2e2b7d-4622-441f-9200-123f8bb3e29b'), 'SLAG');

-- Seller 2's Warehouses
INSERT INTO warehouse.warehouses (warehouse_id, seller_id, material_type)
VALUES
    (UUID_TO_BIN('39dcbb4a-b535-4ab1-97b2-cfcba92f462a'), UUID_TO_BIN('b5fa5dbd-1130-44a1-8db8-4e8d7155e7b6'), 'GYPSUM'),
    (UUID_TO_BIN('bb182e36-4077-4987-b179-544dbd9a9cb6'), UUID_TO_BIN('b5fa5dbd-1130-44a1-8db8-4e8d7155e7b6'), 'IRON_ORE'),
    (UUID_TO_BIN('3f23dd36-cbd9-4025-b476-c9a24c3e6c19'), UUID_TO_BIN('b5fa5dbd-1130-44a1-8db8-4e8d7155e7b6'), 'CEMENT'),
    (UUID_TO_BIN('bf838cb6-6463-4b77-a70d-cb9f7b52af24'), UUID_TO_BIN('b5fa5dbd-1130-44a1-8db8-4e8d7155e7b6'), 'PET_COKE'),
    (UUID_TO_BIN('ee5e9b7f-56b7-4f4a-a7df-561ff0cf720e'), UUID_TO_BIN('b5fa5dbd-1130-44a1-8db8-4e8d7155e7b6'), 'SLAG');

-- Landside WarehouseProjection
INSERT INTO landside.warehouse_projection (warehouse_id, seller_id, material_type, current_capacity, timestamp)
VALUES
    (UUID_TO_BIN('9f57ed44-4dcf-4a5a-8c7d-1b1a142763a1'), UUID_TO_BIN('dd2e2b7d-4622-441f-9200-123f8bb3e29b'), 'GYPSUM', 0, NOW()),
    (UUID_TO_BIN('8361182d-6ae4-42a6-9dff-9146b3ad4234'), UUID_TO_BIN('dd2e2b7d-4622-441f-9200-123f8bb3e29b'), 'IRON_ORE', 0, NOW()),
    (UUID_TO_BIN('0dfc49c1-8f1e-4b9e-b760-0b5a4a4b4550'), UUID_TO_BIN('dd2e2b7d-4622-441f-9200-123f8bb3e29b'), 'CEMENT', 0, NOW()),
    (UUID_TO_BIN('e2f7bcdc-69da-4b0e-b73f-6adf79e8d5f9'), UUID_TO_BIN('dd2e2b7d-4622-441f-9200-123f8bb3e29b'), 'PET_COKE', 0, NOW()),
    (UUID_TO_BIN('b3f15798-6c28-4a33-a8f5-507db494204b'), UUID_TO_BIN('dd2e2b7d-4622-441f-9200-123f8bb3e29b'), 'SLAG', 0, NOW()),
    (UUID_TO_BIN('39dcbb4a-b535-4ab1-97b2-cfcba92f462a'), UUID_TO_BIN('b5fa5dbd-1130-44a1-8db8-4e8d7155e7b6'), 'GYPSUM', 0, NOW()),
    (UUID_TO_BIN('bb182e36-4077-4987-b179-544dbd9a9cb6'), UUID_TO_BIN('b5fa5dbd-1130-44a1-8db8-4e8d7155e7b6'), 'IRON_ORE', 0, NOW()),
    (UUID_TO_BIN('3f23dd36-cbd9-4025-b476-c9a24c3e6c19'), UUID_TO_BIN('b5fa5dbd-1130-44a1-8db8-4e8d7155e7b6'), 'CEMENT', 0, NOW()),
    (UUID_TO_BIN('bf838cb6-6463-4b77-a70d-cb9f7b52af24'), UUID_TO_BIN('b5fa5dbd-1130-44a1-8db8-4e8d7155e7b6'), 'PET_COKE', 0, NOW()),
    (UUID_TO_BIN('ee5e9b7f-56b7-4f4a-a7df-561ff0cf720e'), UUID_TO_BIN('b5fa5dbd-1130-44a1-8db8-4e8d7155e7b6'), 'SLAG', 0, NOW());

-- Dummy data for Weighbridge
INSERT INTO landside.weighbridge (weighbridge_number, license_plate)
VALUES
    ('ABC-123-WB', 'ABC-123'),
    ('XYZ-789-WB', 'XYZ-789'),
    ('LMN-456-WB', 'LMN-456');

INSERT into landside.trucks (license_plate, dock_number, material_type, seller_id)
VALUES
    ('ABC-123', 'WD-10','PET_COKE',UUID_TO_BIN('dd2e2b7d-4622-441f-9200-123f8bb3e29b') ),
    ('XYZ-789', 'WD-2','GYPSUM',UUID_TO_BIN('b5fa5dbd-1130-44a1-8db8-4e8d7155e7b6') ),
    ('LMN-456', 'WD-5', 'IRON_ORE',UUID_TO_BIN('dd2e2b7d-4622-441f-9200-123f8bb3e29b') );


INSERT INTO landside.schedule (schedule_time)
VALUES
    ('2024-11-30 10:00:00'),
    ('2024-11-30 11:00:00'),
    ('2024-11-30 12:00:00'),
    ('2024-11-30 13:00:00'),
    ('2024-11-30 14:00:00'),
    ('2024-11-30 15:00:00'),
    ('2024-12-30 16:00:00'),
    ('2024-11-30 17:00:00'),
    ('2024-12-30 18:00:00'),
    ('2024-11-30 19:00:00'),
    (NOW());

-- Dummy data for Appointment 39 records
INSERT INTO landside.appointment (schedule_time, license_plate, material_type, window_start, window_end, seller_id, arrival_time, departure_time)
VALUES
    ( '2024-11-30 10:00:00', 'ABC-001', 'GYPSUM', '2024-11-30 10:00:00', '2024-11-30 10:59:00', UUID_TO_BIN('11111111-1111-1111-1111-111111111111'), '2024-11-30 10:30:00', '2024-11-30 10:45:00'),
    ( '2024-11-30 10:00:00', 'ABC-002', 'IRON_ORE', '2024-11-30 10:00:00', '2024-11-30 10:59:00', UUID_TO_BIN('11111111-1111-1111-1111-111111111111'), '2024-11-30 9:00:00', NULL),
    ('2024-11-30 10:00:00', 'ABC-003', 'CEMENT', '2024-11-30 10:00:00', '2024-11-30 10:59:00', UUID_TO_BIN('11111111-1111-1111-1111-111111111111'), '2024-11-30 10:00:00', '2024-11-30 10:15:00'),
    ( '2024-11-30 10:00:00', 'ABC-004', 'PET_COKE', '2024-11-30 10:00:00', '2024-11-30 10:59:00', UUID_TO_BIN('11111111-1111-1111-1111-111111111111'), '2024-11-30 10:30:00', '2024-11-30 10:45:00'),
    ( '2024-11-30 10:00:00', 'ABC-005', 'SLAG', '2024-11-30 10:00:00', '2024-11-30 10:59:00', UUID_TO_BIN('11111111-1111-1111-1111-111111111111'), '2024-11-30 11:00:00', NULL),
    ('2024-11-30 10:00:00', 'ABC-006', 'GYPSUM', '2024-11-30 10:00:00', '2024-11-30 10:59:00', UUID_TO_BIN('22222222-2222-2222-2222-222222222222'), NULL, NULL),
    ( '2024-11-30 10:00:00', 'ABC-007', 'IRON_ORE', '2024-11-30 10:00:00', '2024-11-30 10:59:00', UUID_TO_BIN('22222222-2222-2222-2222-222222222222'), '2024-11-30 10:00:00', '2024-11-30 10:15:00'),
    ( '2024-11-30 10:00:00', 'ABC-008', 'CEMENT', '2024-11-30 10:00:00', '2024-11-30 10:59:00', UUID_TO_BIN('22222222-2222-2222-2222-222222222222'), '2024-11-30 10:00:00', '2024-11-30 10:15:00'),
    ( '2024-11-30 10:00:00', 'ABC-009', 'PET_COKE', '2024-11-30 10:00:00', '2024-11-30 10:59:00', UUID_TO_BIN('22222222-2222-2222-2222-222222222222'), NULL, NULL),
    ( '2024-11-30 10:00:00', 'ABC-010', 'SLAG', '2024-11-30 10:00:00', '2024-11-30 10:59:00', UUID_TO_BIN('22222222-2222-2222-2222-222222222222'), '2024-11-30 10:30:00', '2024-11-30 10:45:00'),
    ( '2024-11-30 10:00:00', 'ABC-011', 'GYPSUM', '2024-11-30 10:00:00', '2024-11-30 10:59:00', UUID_TO_BIN('33333333-3333-3333-3333-333333333333'), '2024-11-30 10:30:00', '2024-11-30 10:45:00'),
    ( '2024-11-30 10:00:00', 'ABC-012', 'IRON_ORE', '2024-11-30 10:00:00', '2024-11-30 10:59:00', UUID_TO_BIN('33333333-3333-3333-3333-333333333333'), '2024-11-30 10:30:00', '2024-11-30 10:45:00'),
    ( '2024-11-30 10:00:00', 'ABC-013', 'CEMENT', '2024-11-30 10:00:00', '2024-11-30 10:59:00', UUID_TO_BIN('33333333-3333-3333-3333-333333333333'), '2024-11-30 10:30:00', '2024-11-30 10:45:00'),
    ( '2024-11-30 10:00:00', 'ABC-014', 'PET_COKE', '2024-11-30 10:00:00', '2024-11-30 10:59:00', UUID_TO_BIN('33333333-3333-3333-3333-333333333333'), '2024-11-30 10:30:00', '2024-11-30 10:45:00'),
    ( '2024-11-30 10:00:00', 'ABC-015', 'SLAG', '2024-11-30 10:00:00', '2024-11-30 10:59:00', UUID_TO_BIN('33333333-3333-3333-3333-333333333333'), '2024-11-30 10:30:00', '2024-11-30 10:45:00'),
    ( '2024-11-30 10:00:00', 'ABC-016', 'GYPSUM', '2024-11-30 10:00:00', '2024-11-30 10:59:00', UUID_TO_BIN('44444444-4444-4444-4444-444444444444'), '2024-11-30 10:30:00', '2024-11-30 10:45:00'),
    ( '2024-11-30 10:00:00', 'ABC-017', 'IRON_ORE', '2024-11-30 10:00:00', '2024-11-30 10:59:00', UUID_TO_BIN('44444444-4444-4444-4444-444444444444'), '2024-11-30 10:30:00', '2024-11-30 10:45:00'),
    ( '2024-11-30 10:00:00', 'ABC-018', 'CEMENT', '2024-11-30 10:00:00', '2024-11-30 10:59:00', UUID_TO_BIN('44444444-4444-4444-4444-444444444444'), '2024-11-30 10:30:00', '2024-11-30 10:45:00'),
    ( '2024-11-30 10:00:00', 'ABC-019', 'PET_COKE', '2024-11-30 10:00:00', '2024-11-30 10:59:00', UUID_TO_BIN('44444444-4444-4444-4444-444444444444'), '2024-11-30 10:30:00', '2024-11-30 10:45:00'),
    ( '2024-11-30 10:00:00', 'ABC-020', 'SLAG', '2024-11-30 10:00:00', '2024-11-30 10:59:00', UUID_TO_BIN('44444444-4444-4444-4444-444444444444'), '2024-11-30 10:30:00', '2024-11-30 10:45:00'),
    ( '2024-11-30 10:00:00', 'ABC-021', 'GYPSUM', '2024-11-30 10:00:00', '2024-11-30 10:59:00', UUID_TO_BIN('55555555-5555-5555-5555-555555555555'), '2024-11-30 10:30:00', '2024-11-30 10:45:00'),
    ( '2024-11-30 10:00:00', 'ABC-022', 'IRON_ORE', '2024-11-30 10:00:00', '2024-11-30 10:59:00', UUID_TO_BIN('55555555-5555-5555-5555-555555555555'), NULL, NULL),
    ('2024-11-30 10:00:00', 'ABC-023', 'CEMENT', '2024-11-30 10:00:00', '2024-11-30 10:59:00', UUID_TO_BIN('55555555-5555-5555-5555-555555555555'), '2024-11-30 10:30:00', '2024-11-30 10:45:00'),
    ('2024-11-30 10:00:00', 'ABC-024', 'PET_COKE', '2024-11-30 10:00:00', '2024-11-30 10:59:00', UUID_TO_BIN('55555555-5555-5555-5555-555555555555'), '2024-11-30 10:30:00', '2024-11-30 10:45:00'),
    ( '2024-11-30 10:00:00', 'ABC-025', 'SLAG', '2024-11-30 10:00:00', '2024-11-30 10:59:00', UUID_TO_BIN('55555555-5555-5555-5555-555555555555'), '2024-11-30 9:00:00', NULL),
    ( '2024-11-30 10:00:00', 'ABC-026', 'GYPSUM', '2024-11-30 10:00:00', '2024-11-30 10:59:00', UUID_TO_BIN('66666666-6666-6666-6666-666666666666'), '2024-11-30 9:00:00', NULL),
    ('2024-11-30 10:00:00', 'ABC-027', 'IRON_ORE', '2024-11-30 10:00:00', '2024-11-30 10:59:00', UUID_TO_BIN('66666666-6666-6666-6666-666666666666'), '2024-11-30 9:00:00', NULL),
    ( '2024-11-30 10:00:00', 'ABC-028', 'CEMENT', '2024-11-30 10:00:00', '2024-11-30 10:59:00', UUID_TO_BIN('66666666-6666-6666-6666-666666666666'), '2024-11-30 9:00:00', NULL),
    ( '2024-11-30 10:00:00', 'ABC-029', 'PET_COKE', '2024-11-30 10:00:00', '2024-11-30 10:59:00', UUID_TO_BIN('66666666-6666-6666-6666-666666666666'), '2024-11-30 9:00:00', NULL),
    ( '2024-11-30 10:00:00', 'ABC-030', 'SLAG', '2024-11-30 10:00:00', '2024-11-30 10:59:00', UUID_TO_BIN('66666666-6666-6666-6666-666666666666'), '2024-11-30 9:00:00', NULL),
    ( '2024-11-30 10:00:00', 'ABC-030', 'GYPSUM', '2024-11-30 10:00:00', '2024-11-30 10:59:00', UUID_TO_BIN('77777777-7777-7777-7777-777777777777'), '2024-11-30 9:30:00', NULL),
    ('2024-11-30 10:00:00', 'ABC-032', 'IRON_ORE', '2024-11-30 10:00:00', '2024-11-30 10:59:00', UUID_TO_BIN('77777777-7777-7777-7777-777777777777'), '2024-11-30 9:00:00', NULL),
    ( '2024-11-30 10:00:00', 'ABC-033', 'CEMENT', '2024-11-30 10:00:00', '2024-11-30 10:59:00', UUID_TO_BIN('77777777-7777-7777-7777-777777777777'), '2024-11-30 11:00:00', NULL),
    ( '2024-11-30 10:00:00', 'ABC-034', 'PET_COKE', '2024-11-30 10:00:00', '2024-11-30 10:59:00', UUID_TO_BIN('77777777-7777-7777-7777-777777777777'), '2024-11-30 11:00:00', NULL),
    ('2024-11-30 10:00:00', 'ABC-035', 'SLAG', '2024-11-30 10:00:00', '2024-11-30 10:59:00', UUID_TO_BIN('77777777-7777-7777-7777-777777777777'), '2024-11-30 11:00:00', NULL),
    ( '2024-11-30 10:00:00', 'ABC-036', 'GYPSUM', '2024-11-30 10:00:00', '2024-11-30 10:59:00', UUID_TO_BIN('88888888-8888-8888-8888-888888888888'), '2024-11-30 11:00:00', NULL),
    ( '2024-11-30 10:00:00', 'ABC-037', 'IRON_ORE', '2024-11-30 10:00:00', '2024-11-30 10:59:00', UUID_TO_BIN('88888888-8888-8888-8888-888888888888'), '2024-11-30 11:00:00', NULL),
    ( '2024-11-30 10:00:00', 'ABC-038', 'CEMENT', '2024-11-30 10:00:00', '2024-11-30 10:59:00', UUID_TO_BIN('88888888-8888-8888-8888-888888888888'), '2024-11-30 11:00:00', NULL),
    ( '2024-11-30 10:00:00', 'ABC-039', 'PET_COKE', '2024-11-30 10:00:00', '2024-11-30 10:59:00', UUID_TO_BIN('88888888-8888-8888-8888-888888888888'), '2024-11-30 11:00:00', NULL),
    ('2024-11-30 11:00:00', 'XYZ-001', 'GYPSUM', '2024-11-30 11:00:00', '2024-11-30 11:59:00', UUID_TO_BIN('11111111-1111-1111-1111-111111111111'), '2024-11-30 11:10:00', '2024-11-30 11:30:00'),
    ('2024-11-30 11:00:00', 'XYZ-002', 'IRON_ORE', '2024-11-30 11:00:00', '2024-11-30 11:59:00', UUID_TO_BIN('22222222-2222-2222-2222-222222222222'), '2024-11-30 11:15:00', '2024-11-30 11:45:00'),
    ('2024-11-30 12:00:00', 'XYZ-003', 'CEMENT', '2024-12-30 12:00:00', '2024-12-30 12:59:00', UUID_TO_BIN('33333333-3333-3333-3333-333333333333'), '2024-12-30 12:10:00', '2024-12-30 12:30:00'),
    ('2024-11-30 12:00:00', 'XYZ-004', 'PET_COKE', '2024-12-30 12:00:00', '2024-12-30 12:59:00', UUID_TO_BIN('44444444-4444-4444-4444-444444444444'), '2024-12-30 12:20:00', '2024-12-30 12:40:00'),
    ('2024-11-30 13:00:00', 'XYZ-005', 'SLAG', '2024-11-30 13:00:00', '2024-11-30 10:59:00', UUID_TO_BIN('55555555-5555-5555-5555-555555555555'), '2024-11-30 13:05:00', '2024-11-30 13:25:00'),
    ('2024-11-30 13:00:00', 'XYZ-006', 'GYPSUM', '2024-11-30 13:00:00', '2024-11-30 10:59:00', UUID_TO_BIN('66666666-6666-6666-6666-666666666666'), '2024-11-30 13:15:00', '2024-11-30 13:35:00'),
    ('2024-11-30 14:00:00', 'XYZ-007', 'IRON_ORE', '2024-11-30 14:00:00', '2024-11-30 14:59:00', UUID_TO_BIN('77777777-7777-7777-7777-777777777777'), '2024-11-30 14:10:00', '2024-11-30 14:30:00'),
    ('2024-11-30 14:00:00', 'XYZ-008', 'CEMENT', '2024-11-30 14:00:00', '2024-11-30 14:59:00', UUID_TO_BIN('88888888-8888-8888-8888-888888888888'), '2024-11-30 14:20:00', '2024-11-30 14:40:00'),
    ('2024-11-30 15:00:00', 'XYZ-009', 'PET_COKE', '2024-11-30 15:00:00', '2024-11-30 15:59:00', UUID_TO_BIN('99999999-9999-9999-9999-999999999999'), '2024-11-30 15:10:00', '2024-11-30 15:30:00'),
    ('2024-11-30 15:00:00', 'XYZ-010', 'SLAG', '2024-11-30 15:00:00', '2024-11-30 15:59:00', UUID_TO_BIN('00000000-0000-0000-0000-000000000000'), '2024-11-30 15:20:00', '2024-11-30 15:40:00'),
    ('2024-12-30 16:00:00', 'XYZ-011', 'GYPSUM', '2024-12-30 16:00:00', '2024-12-30 16:59:00', UUID_TO_BIN('11111111-1111-1111-1111-111111111111'), '2024-12-30 16:10:00', '2024-12-30 16:30:00'),
    ('2024-12-30 16:00:00', 'XYZ-012', 'IRON_ORE', '2024-12-30 16:00:00', '2024-12-30 16:59:00', UUID_TO_BIN('22222222-2222-2222-2222-222222222222'), '2024-12-30 16:20:00', '2024-12-30 16:40:00'),
    ('2024-11-30 17:00:00', 'XYZ-013', 'CEMENT', '2024-11-30 17:00:00', '2024-11-30 17:59:00', UUID_TO_BIN('33333333-3333-3333-3333-333333333333'), '2024-11-30 17:10:00', '2024-11-30 17:30:00'),
    ('2024-11-30 17:00:00', 'XYZ-014', 'PET_COKE', '2024-11-30 17:00:00', '2024-11-30 17:59:00', UUID_TO_BIN('44444444-4444-4444-4444-444444444444'), '2024-11-30 17:20:00', '2024-11-30 17:40:00'),
    ('2024-12-30 18:00:00', 'XYZ-015', 'SLAG', '2024-12-30 18:00:00', '2024-12-30 18:59:00', UUID_TO_BIN('55555555-5555-5555-5555-555555555555'), '2024-12-30 18:10:00', '2024-12-30 18:30:00'),
    ('2024-12-30 18:00:00', 'XYZ-016', 'GYPSUM', '2024-12-30 18:00:00', '2024-12-30 18:59:00', UUID_TO_BIN('66666666-6666-6666-6666-666666666666'), '2024-12-30 18:20:00', '2024-12-30 18:40:00'),
    ('2024-11-30 19:00:00', 'XYZ-017', 'IRON_ORE', '2024-11-30 19:00:00', '2024-11-30 19:59:00', UUID_TO_BIN('77777777-7777-7777-7777-777777777777'), '2024-11-30 19:10:00', '2024-11-30 19:30:00'),
    ('2024-11-30 19:00:00', 'XYZ-018', 'CEMENT', '2024-11-30 19:00:00', '2024-11-30 19:59:00', UUID_TO_BIN('88888888-8888-8888-8888-888888888888'), '2024-11-30 19:20:00', '2024-11-30 19:40:00'),
    (NOW(), 'XYZ-019', 'PET_COKE', NOW(), NOW() + INTERVAL 59 MINUTE, UUID_TO_BIN('99999999-9999-9999-9999-999999999999'), NOW() + INTERVAL 10 MINUTE, NOW() + INTERVAL 30 MINUTE),
    (NOW(), 'XYZ-020', 'SLAG', NOW(), NOW() + INTERVAL 59 MINUTE, UUID_TO_BIN('00000000-0000-0000-0000-000000000000'), NOW() + INTERVAL 20 MINUTE, NOW() + INTERVAL 40 MINUTE);

-- Insert into purchase_order table
INSERT INTO warehouse.purchase_order (po_number, date, customer_number, customer_name, status)
VALUES
    ('PO123456', '2024-10-23 13:31:00', UUID_TO_BIN('550e8400-e29b-41d4-a716-446655440000'), 'Joske Vermeulen', 'OUTSTANDING'),
    ('PO123457', '2024-10-24 14:00:00', UUID_TO_BIN('550e8400-e29b-41d4-a716-446655440001'), 'Jan Peeters', 'FULFILLED'),
    ('PO123458', '2024-10-25 15:30:00', UUID_TO_BIN('550e8400-e29b-41d4-a716-446655440002'), 'Marie Janssens', 'OUTSTANDING'),
    ('PO123459', '2024-10-26 16:45:00', UUID_TO_BIN('550e8400-e29b-41d4-a716-446655440003'), 'Karel De Grote', 'FULFILLED'),
    ('PO123460', '2024-10-27 17:15:00', UUID_TO_BIN('550e8400-e29b-41d4-a716-446655440004'), 'Sofie De Smet', 'OUTSTANDING'),
    ('PO123461', '2024-10-28 18:00:00', UUID_TO_BIN('550e8400-e29b-41d4-a716-446655440005'), 'Tom De Vries', 'OUTSTANDING');

-- Insert into order_line table
INSERT INTO warehouse.order_line (po_number, material_type, amount_in_tons, price_per_ton)
VALUES
    ('PO123456', 'PET_COKE', 100, 50.0),
    ('PO123456', 'SLAG', 50, 30.0),
    ('PO123457', 'IRON_ORE', 200, 70.0),
    ('PO123457', 'CEMENT', 150, 40.0),
    ('PO123458', 'GYPSUM', 120, 35.0),
    ('PO123458', 'PET_COKE', 80, 55.0),
    ('PO123459', 'SLAG', 60, 32.0),
    ('PO123459', 'IRON_ORE', 90, 75.0),
    ('PO123460', 'CEMENT', 110, 45.0),
    ('PO123460', 'GYPSUM', 130, 38.0),
    ('PO123461', 'PET_COKE', 140, 60.0),
    ('PO123461', 'SLAG', 70, 35.0);
